status	exit	url
local asset verified; deployment pending	-	https://decebaldobrica.com/images/blog/2026-10-05-rust-ai-weekly-15-3d-hero.png
200	0	https://blog.cloudflare.com/rust-workers-emscripten-target/
200	0	https://decebaldobrica.com/radar
local asset verified; deployment pending	-	https://decebaldobrica.com/images/radar/2026-10-05-radar.png
200	0	https://wasm-bindgen.github.io/wasm-bindgen/reference/emscripten.html
200	0	https://github.com/mitsuhiko/deser
200	0	https://lucumr.pocoo.org/2026/9/29/deser/
200	0	https://github.com/mitsuhiko/deser/blob/e4ba19c34229987c0af98dfc56e8095812744990/LIMITATIONS.md
200	0	https://docs.rs/crate/deser/0.10.0/source/README.md
200	0	https://github.com/velvia/ying-profiler
200	0	https://docs.rs/crate/ying-profiler/0.3.0/source/README.md
200	0	https://github.com/velvia/ying-profiler/blob/415e022da7c76764c5c7040c96a3c7994a82400f/README.md
200	0	https://docs.rs/fearless_simd/1.0.0/fearless_simd/
200	0	https://shnatsel.github.io/state-of-simd-rust-2026/
200	0	https://docs.rs/fearless_simd/1.0.0/fearless_simd/#multiversioning-on-x86
200	0	https://go.dev/blog/simd-experiment
404	0	https://github.com/linebender/fearless_simd/blob/main/SECURITY.md
200 (replacement checked Oct 5)	0	https://docs.rs/crate/fearless_simd/1.0.0/source/SECURITY.md
200	0	https://blog.rust-lang.org/2026/10/01/Rust-1.99.0/
200	0	https://blog.rust-lang.org/2026/10/02/demoting-i686-windows-targets-to-std-only/
200	0	https://docs.rs/tokio/latest/tokio/runtime/struct.Builder.html#method.on_after_task_poll
200	0	https://this-week-in-rust.org/blog/2026/09/30/this-week-in-rust-671/
200	0	https://weeklyrust.substack.com/p/what-is-happening-with-simd-in-rust
200	0	https://rustfoundation.org/media/welcoming-the-josh-project-to-the-rust-innovation-lab/
200	0	https://golangweekly.com/issues/619
